{
  "workouts": [
    {
      "id": "10001",
      "name": "Tommy V",
      "mode": "Tiempo",
      "equipment": [
        "barbell",
        "rope"
      ],
      "exercises": [
        "21 thrusters",
        "12 rope climbs, 15 ft",
        "15 thrusters",
        "9 rope climbs, 15 ft",
        "9 thrusters",
        "6 rope climbs, 15 ft"
      ],
      "createdAt": "4/20/2022, 2:21:56 PM",
      "updatedAt": "4/20/2022, 2:21:56 PM",
      "trainerTips": [
        "Split the 21 thrusters as needed",
        "Try to do the 9 and 6 thrusters unbroken",
        "RX Weights: 115lb/75lb"
      ]
    },
    {
      "id": "10002",
      "name": "Dead Push-Ups",
      "mode": "facil",
      "equipment": [
        "Pesas"
      ],
      "exercises": [
        "15 Levantamientos",
        "15 Sobre peso muerto"
      ],
      "createdAt": "1/25/2022, 1:15:44 PM",
      "updatedAt": "3/10/2022, 8:21:56 AM",
      "trainerTips": [
        "aumentar velocidad",
        "Intentar repetir mas los set",
        "RX peso: 135lb/95lb"
      ]
    },
    {
      "id": "10003",
      "name": "Heavy DT",
      "mode": "medio",
      "equipment": [
        "pesas",
        "Barra"
      ],
      "exercises": [
        "12 levantaminetos",
        "9 Pesa individual",
        "6 Flexiones"
      ],
      "createdAt": "11/20/2021, 5:39:07 PM",
      "updatedAt": "4/22/2022, 5:49:18 PM",
      "trainerTips": [
        "Trabaje mas sus levantamientos",
        "La primer ronda debe ser rapida",
        "RX Peso: 205lb/145lb"
      ]
    },
    {
      "name": "Core Buster",
      "mode": "dificil",
      "equipment": [
        "rack",
        "barbell",
        "abmat"
      ],
      "exercises": [
        "15 toes to bars",
        "10 thrusters",
        "30 abmat sit-ups"
      ],
      "trainerTips": [
        "Split your toes to bars in two sets maximum",
        "Go unbroken on the thrusters",
        "Take the abmat sit-ups as a chance to normalize your breath"
      ],
      "id": "a24d2618-01d1-4682-9288-8de1343e53c7",
      "createdAt": "4/22/2022, 5:50:17 PM",
      "updatedAt": "4/22/2022, 5:50:17 PM"
    },
    {
      "name": "Jumping (Not) Made Easy",
      "mode": "medio",
      "equipment": [
        "jump rope"
      ],
      "exercises": [
        "10 burpees",
        "25 double-unders"
      ],
      "trainerTips": [
        "Scale to do 50 single-unders, if double-unders are too difficult"
      ],
      "id": "8f8318f8-b869-4e9d-bb78-88010193563a",
      "createdAt": "4/25/2022, 2:45:28 PM",
      "updatedAt": "4/25/2022, 2:45:28 PM"
    },
    {
      "name": "Burpee Meters",
      "mode": "facil",
      "equipment": [
        "Row Erg"
      ],
      "exercises": [
        "Row 500 meters",
        "21 burpees",
        "Run 400 meters",
        "Rest 3 minutes"
      ],
      "trainerTips": [
        "Go hard",
        "Note your time after the first run",
        "Try to hold your pace"
      ],
      "id": "0a5948af-5185-4266-8c4b-818889657e9d",
      "createdAt": "4/25/2022, 2:48:53 PM",
      "updatedAt": "4/25/2022, 2:48:53 PM"
    },
    {
      "name": "Dumbbell Rower",
      "mode": "facil",
      "equipment": [
        "Dumbbell"
      ],
      "exercises": [
        "15 dumbbell rows, left arm",
        "15 dumbbell rows, right arm",
        "50-ft handstand walk"
      ],
      "trainerTips": [
        "RX weights for women: 35-lb",
        "RX weights for men: 50-lb"
      ],
      "id": "3dc53bc8-27b8-4773-b85d-89f0a354d437",
      "createdAt": "4/25/2022, 2:56:03 PM",
      "updatedAt": "4/25/2022, 2:56:03 PM"
    },
    {
      "name": "David Campos",
      "mode": "dificil",
      "equipment": [
        "Ball",
        "Rock",
        "abmat"
      ],
      "exercises": [
        "Comer",
        "Dormir"
      ],
      "trainerTips": [
        "Haz tu mejor esfuerzo"
      ],
      "id": "bf41bdfb-c9a4-4855-81ae-207d95f1030d",
      "createdAt": "10/5/2022, 11:27:01 PM",
      "updatedAt": "10/5/2022, 11:27:01 PM"
    },
    {
      "name": "Alfredo Artiga",
      "mode": "facil",
      "equipment": [
        "Ball",
        "Rock",
        "abmat"
      ],
      "exercises": [
        "Jugar",
        "Dormir"
      ],
      "trainerTips": [
        "Haz tu mejor esfuerzo"
      ],
      "id": "b5c10f22-d06e-4886-8ebd-1f3971b8ddcd",
      "createdAt": "10/7/2022, 10:59:32 PM",
      "updatedAt": "10/7/2022, 10:59:32 PM"
    },
    {
      "name": "DAW1",
      "mode": "Apiv1",
      "equipment": [
        "Cccc",
        "Rossddck",
        "dffgsgs"
      ],
      "exercises": [
        "ugar",
        "Programar"
      ],
      "trainerTips": [
        "Haz tu mejor esfuerzo"
      ],
      "id": "a8453494-d313-40e0-b6bd-d997946dadf0",
      "createdAt": "10/10/2022, 3:14:14 AM",
      "updatedAt": "10/10/2022, 3:14:15 AM"
    },
    {
      "name": "Smash",
      "mode": "Daw",
      "equipment": [
        "PEsas",
        "Barra",
        "Banco"
      ],
      "exercises": [
        "Sentidillas",
        "Flexiones"
      ],
      "trainerTips": [
        "Haz tu mejor esfuerzo"
      ],
      "id": "d964f031-83a2-435d-9199-316a1e391b70",
      "createdAt": "10/10/2022, 3:23:00 AM",
      "updatedAt": "10/10/2022, 3:23:00 AM"
    },
    {
      "name": "HardRock",
      "mode": "metalero",
      "equipment": [
        "Guitarra",
        "njfdfsd",
        "sdfdfdsfs"
      ],
      "exercises": [
        "Tocar bajo",
        "etc"
      ],
      "trainerTips": [
        "Haz tu mejor esfuerzo"
      ],
      "id": "8f4156be-1bf8-4682-9a1b-07f5586f955a",
      "createdAt": "10/10/2022, 3:33:53 AM",
      "updatedAt": "10/10/2022, 3:33:53 AM"
    },
    {
      "name": "Practica Api",
      "mode": "Daw12",
      "equipment": [
        "PC",
        "Altavoces",
        "ETc"
      ],
      "exercises": [
        "sdsadsad",
        "sdadsadasd"
      ],
      "trainerTips": [
        "Haz tu mejor esfuerzo"
      ],
      "id": "56bb553d-225f-42dd-95de-22197bc2ae70",
      "createdAt": "10/10/2022, 3:44:05 AM",
      "updatedAt": "10/10/2022, 3:44:05 AM"
    }
  ],
  "members": [
    {
      "id": "0001",
      "name": "Jason Miller",
      "gender": "Hombre",
      "dateOfBirth": "23/04/1990",
      "email": "jason@mail.com",
      "password": "666349420ec497c1dc890c45179d44fb13220239325172af02d1fb6635922956"
    },
    {
      "id": "0002",
      "name": "Tiffany Brookston",
      "gender": "Mujer",
      "dateOfBirth": "09/06/1996",
      "email": "tiffy@mail.com",
      "password": "8a1ea5669b749354110dcba3fac5546c16e6d0f73a37f35a84f6b0d7b3c22fcc"
    },
    {
      "id": "0003",
      "name": "Catrin Stevenson",
      "gender": "Mujer",
      "dateOfBirth": "17/08/2001",
      "email": "catrin@mail.com",
      "password": "18eb2d6c5373c94c6d5d707650d02c3c06f33fac557c9cfb8cb1ee625a649ff3"
    },
    {
      "id": "0004",
      "name": "Greg Bronson",
      "gender": "male",
      "dateOfBirth": "08/04/1993",
      "email": "greg@mail.com",
      "password": "a6dcde7eceb689142f21a1e30b5fdb868ec4cd25d5537d67ac7e8c7816b0e862"
    }
  ],
  "records": [
    {
      "id": "ad75d475-ac57-44f4-a02a-8f6def58ff56",
      "workout": "4a3d9aaa-608c-49a7-a004-66305ad4ab50",
      "record": "160 Repeticiones"
    },
    {
      "id": "0bff586f-2017-4526-9e52-fe3ea46d55ab",
      "workout": "d8be2362-7b68-4ea4-a1f6-03f8bc4eede7",
      "record": "7:23 minutos"
    },
    {
      "id": "365cc0bb-ba8f-41d3-bf82-83d041d38b82",
      "workout": "a24d2618-01d1-4682-9288-8de1343e53c7",
      "record": "358 Repeticiones"
    },
    {
      "id": "62251cfe-fdb6-4fa6-9a2d-c21be93ac78d",
      "workout": "4a3d9aaa-608c-49a7-a004-66305ad4ab50",
      "record": "145 Repeticiones"
    }
  ]
}